oid,expid,hjd,mjd,mag,magerr,catflags,filtercode,ra,dec,chi,sharp,filefracday,field,ccdid,qid,limitmag,magzp,magzprms,clrcoeff,clrcounc,exptime,airmass,programid
1596203300008860,58042972,2458334.9330161172,58334.429722200002,21.1917725,0.187460542,0,zr,0.079589400000000005,18.954706300000002,0.456,-0.0120000001,20180804429641,1596,0x3,0x3,21.2700005,26.1275158,0.0248478279,0.104666993,8.68148254e-06,30,1.03400004,2
1596203300008860,58345425,2458337.9577825423,58337.454259300001,21.6166916,0.216365099,0,zr,0.079752500000000004,18.954649199999999,0.753000021,-0.38499999,20180807454225,1596,0x3,0x3,21.6900005,26.1476421,0.0234669037,0.101652667,7.64198285e-06,30,1.02100003,2
1596203300008860,58345472,2458337.9582454767,58337.454722199996,21.6519547,0.218763828,0,zr,0.079765699999999995,18.954633000000001,0.588,0.0329999998,20180807454711,1596,0x3,0x3,21.6700001,26.1479053,0.0238862708,0.0980680361,7.96026598e-06,30,1.02100003,2
1596203300008860,59934418,2458353.8487613699,58353.344189800002,21.0485573,0.17771852,0,zr,0.079601000000000005,18.954606500000001,0.656000018,-0.127000004,20180823344167,1596,0x3,0x3,21.1700001,26.1443768,0.0246027578,0.0993828997,8.2754359e-06,30,1.08899999,2
1596203300008860,61539011,2458369.8954252047,58369.3901157,21.7403946,0.224779844,0,zr,0.079544500000000004,18.954775900000001,0.481999993,-0.185000002,20180908390104,1596,0x3,0x3,21.8099995,26.157156,0.0240223296,0.0904214308,7.9833344e-06,30,1.02900004,2
1596203300008860,61732487,2458371.8302463936,58371.324872700003,21.6789837,0.220602393,0,zr,0.079715400000000006,18.9546177,0.556999981,-0.300000012,20180910324873,1596,0x3,0x3,21.6299992,26.1839294,0.0199402478,0.0847615823,5.52441679e-06,30,1.03499997,2
1596203300008860,62627820,2458380.7838018327,58380.278206000003,21.1261978,0.182999969,0,zr,0.079660999999999996,18.954835299999999,1.14499998,-0.0759999976,20180919278194,1596,0x3,0x3,21.3099995,26.1511307,0.0256096162,0.104072265,8.94227833e-06,30,1.06799996,2
1596203300008860,102522329,2458779.7285815063,58779.223298600002,21.4966774,0.208201289,0,zr,0.079501600000000006,18.9548117,0.623000026,-0.0460000001,20191023223299,1596,0x3,0x3,21.2900009,26.0814648,0.0247799233,0.100429676,8.6151822e-06,30,1.023,2
