oid,expid,hjd,mjd,mag,magerr,catflags,filtercode,ra,dec,chi,sharp,filefracday,field,ccdid,qid,limitmag,magzp,magzprms,clrcoeff,clrcounc,exptime,airmass,programid
1692208300021010,61036956,2458364.8737749928,58364.369560200001,21.8653412,0.245716453,0,zr,0.231271,35.170439799999997,0.495000005,-0.280000001,20180903369491,1692,0x8,0x3,21.5300007,26.1766682,0.0220976658,0.0995027721,4.4227636e-06,30,1.005,2
1692208300021010,61137069,2458365.8749560784,58365.370694400001,21.7660713,0.238545656,0,zr,0.2311579,35.170251999999998,0.606000006,-0.0260000005,20180904370590,1692,0x8,0x3,21.4799995,26.2144012,0.0202248823,0.0985888392,3.6850156e-06,30,1.00399995,2
1692208300021010,61431658,2458368.8209782816,58368.316585599998,21.7957039,0.240686178,0,zr,0.2309882,35.170374299999999,0.230000004,-0.0270000007,20180907316562,1692,0x8,0x3,21.7099991,26.1919613,0.0229110289,0.102840982,4.74096714e-06,30,1.04700005,2
1692208300021010,61732951,2458371.8340296028,58371.329513899997,21.5912247,0.225915432,0,zr,0.2311801,35.170296700000002,0.388000011,-0.0340000018,20180910329491,1692,0x8,0x3,21.6299992,26.2135601,0.0239059143,0.102344722,5.17434137e-06,30,1.01900005,2
1692208300021010,62429093,2458378.7956929803,58378.290937500002,21.6663647,0.231343269,0,zr,0.23103099999999999,35.170237700000001,0.65200001,-0.237000003,20180917290938,1692,0x8,0x3,21.4400005,26.2026539,0.0248572286,0.102433413,5.58695683e-06,30,1.04400003,2
1692208300021010,62526495,2458379.769737625,58379.264953700003,21.3605194,0.209250331,0,zr,0.2311512,35.170199500000003,0.67900002,-0.143000007,20180918264942,1692,0x8,0x3,21.3400002,26.2427654,0.0223383084,0.0945705473,4.49360505e-06,30,1.08899999,2
1692208300021010,133341094,2459087.9163412722,59087.410949099998,21.8867531,0.247263193,0,zr,0.23105729999999999,35.170239100000003,0.985000014,-0.256999999,20200826410949,1692,0x8,0x3,22.5100002,28.6498623,0.0199609585,0.111194566,3.60771764e-06,300,1.00300002,2
