oid,expid,hjd,mjd,mag,magerr,catflags,filtercode,ra,dec,chi,sharp,filefracday,field,ccdid,qid,limitmag,magzp,magzprms,clrcoeff,clrcounc,exptime,airmass,programid
396211200008207,58144137,2458335.9455629177,58335.441377299998,21.1725559,0.229573011,0,zr,0.1500792,-1.6488430999999999,0.699999988,-0.432999998,20180805441366,396,0xb,0x2,21.3099995,26.3233223,0.0239960738,0.123215817,1.60931722e-05,30,1.25399995,1
396211200008207,58846356,2458342.9682183191,58342.463564799997,21.5349255,0.259302258,0,zr,0.1499007,-1.6489147,0.75999999,-0.194999993,20180812463553,396,0xb,0x2,21.5300007,26.2119026,0.0273067653,0.124287799,2.07495905e-05,30,1.26600003,1
396211200008207,129945943,2459053.9626531438,59053.459432900003,21.6945133,0.272395015,0,zr,0.1500929,-1.6487954,1.176,-0.105999999,20200723459421,396,0xb,0x2,21.8400002,26.3901653,0.0230083726,0.125094339,1.4783298e-05,30,1.25999999,1
396211200008207,132741118,2459081.9163124408,59081.4111806,21.5874672,0.263612866,0,zr,0.1499598,-1.6488246,0.256999999,-0.179000005,20200820411181,396,0xb,0x2,21.4099998,26.2229137,0.0279896725,0.127976328,2.22010494e-05,30,1.23300004,1
396211200008207,170737450,2459461.8802221399,59461.374502300001,21.3827171,0.246814966,0,zr,0.15010680000000001,-1.6487121,0.606000006,-0.589999974,20210904374491,396,0xb,0x2,21.4300003,26.3884983,0.0274978932,0.123394169,2.13131225e-05,30,1.23099995,3
396211200008207,212725167,2459881.7564918706,59881.251678200002,19.8508625,0.118333817,0,zr,0.15016769999999999,-1.6486875000000001,0.352999985,-0.229000002,20221029251632,396,0xb,0x2,20.4300003,26.540472,0.0437667221,0.127779528,6.27577901e-05,30,1.24800003,1
1492202100005356,58144045,2458335.9446369507,58335.440451399998,21.1961555,0.196615577,0,zr,0.15007789999999999,-1.6487746000000001,0.579999983,-0.186000004,20180805440451,1492,0x2,0x1,21.1399994,26.2194462,0.0231419187,0.105389215,1.43591515e-05,30,1.19599998,2
1492202100005356,100533217,2458759.838038357,58759.332175900003,21.3955402,0.21093452,0,zr,0.1501132,-1.6487398,0.70599997,-0.400999993,20191003332176,1492,0x2,0x1,21.2999992,26.1309853,0.0242853872,0.111809991,1.57970589e-05,30,1.22800004,2
1492202100005356,136132875,2459115.8347157552,59115.328750000001,21.5152321,0.219530225,0,zr,0.1500409,-1.6488792000000001,0.610000014,-0.114,20200923328750,1492,0x2,0x1,21.3799992,26.2444458,0.023789607,0.110942625,1.55641355e-05,30,1.18700004,3
