oid,expid,hjd,mjd,mag,magerr,catflags,filtercode,ra,dec,chi,sharp,filefracday,field,ccdid,qid,limitmag,magzp,magzprms,clrcoeff,clrcounc,exptime,airmass,programid
1645203400009198,96939553,2458723.8999865325,58723.395532399998,21.8482742,0.240748405,0,zr,0.24192810000000001,26.152096799999999,0.893000007,-0.509000003,20190828395532,1645,0x3,0x4,21.8899994,26.0899734,0.0247495379,0.0918693021,8.5236552e-06,30,1.00199997,2
