oid,expid,hjd,mjd,mag,magerr,catflags,filtercode,ra,dec,chi,sharp,filefracday,field,ccdid,qid,limitmag,magzp,magzprms,clrcoeff,clrcounc,exptime,airmass,programid
396211300007960,138229821,2459136.8037301754,59136.2982176,21.4060574,0.242359281,0,zr,0.1738729,-2.4729283,0.760999978,-0.400999993,20201014298218,396,0xb,0x3,21.3400002,26.3912125,0.0236520395,0.121495098,1.61086427e-05,30,1.26199996,1
396211300007960,138427567,2459138.7811042164,59138.275671299998,21.0704212,0.215855956,0,zr,0.17360680000000001,-2.4728720000000002,0.734000027,-0.324999988,20201016275671,396,0xb,0x3,21,26.3015232,0.0248321965,0.12145333,1.76906615e-05,30,1.24100006,1
396211300007960,166045965,2459414.9625375746,59414.459652799997,21.5686531,0.255198598,0,zr,0.17369509999999999,-2.4729008000000001,0.400999993,-0.0960000008,20210719459653,396,0xb,0x3,21.6700001,26.3351421,0.022375064,0.110367417,1.44185951e-05,30,1.28100002,1
396211300007960,201239624,2459766.8979263171,59766.396249999998,21.495697,0.24943769,0,zr,0.173844,-2.4727497999999999,0.453000009,-0.254999995,20220706396250,396,0xb,0x3,21.2600002,26.3364735,0.0245340858,0.121981859,1.7267861e-05,30,2.01900005,1
