oid,expid,hjd,mjd,mag,magerr,catflags,filtercode,ra,dec,chi,sharp,filefracday,field,ccdid,qid,limitmag,magzp,magzprms,clrcoeff,clrcounc,exptime,airmass,programid
498209200008430,56245960,2458316.9619885222,58316.459606500001,21.5754738,0.240780592,0,zr,0.1631348,5.6227391000000004,0.862999976,-0.193000004,20180717459514,498,0x9,0x2,21.5699997,26.1418724,0.0257686935,0.113208652,4.83535368e-05,30,1.18200004,1
498209200008430,59533603,2458349.8408939415,58349.336030099999,21.41222,0.229302406,0,zr,0.16309299999999999,5.6227071000000004,0.819000006,-0.116999999,20180819336019,498,0x9,0x2,21.2800007,26.2191238,0.0284898449,0.110926107,6.17933401e-05,30,1.28400004,3
498209200008430,59739563,2458351.9006149634,58351.395636599998,21.5914555,0.241904259,0,zr,0.16314989999999999,5.6227103999999999,0.573000014,-0.273000002,20180821395625,498,0x9,0x2,21.8199997,26.2375069,0.0297712144,0.122279458,6.15024983e-05,30,1.15499997,3
498209200008430,61135108,2458365.8566826195,58365.351088000003,21.084322,0.206248403,0,zr,0.16301869999999999,5.6226396999999997,0.518000007,-0.0480000004,20180904351088,498,0x9,0x2,21.4200001,26.2354641,0.0233558286,0.122210383,3.83170009e-05,30,1.14499998,3
498209200008430,61535935,2458369.8650688562,58369.359351899999,21.2010632,0.21445632,0,zr,0.16319790000000001,5.6225567999999999,0.832000017,-0.0399999991,20180908359340,498,0x9,0x2,21.2399998,26.2293148,0.026921466,0.119989686,5.02650437e-05,30,1.14100003,1
