oid,expid,hjd,mjd,mag,magerr,catflags,filtercode,ra,dec,chi,sharp,filefracday,field,ccdid,qid,limitmag,magzp,magzprms,clrcoeff,clrcounc,exptime,airmass,programid
1645203100008411,58140700,2458335.9099164726,58335.407002300002,21.1772614,0.189148426,0,zr,0.24145659999999999,27.1078753,1.01199996,-0.456999987,20180805406991,1645,0x3,0x1,21.1800003,26.2403221,0.0213099103,0.0844072625,6.28767157e-06,30,1.03799999,2
1645203100008411,94039538,2458694.8978060181,58694.395381900002,21.7122574,0.226466656,0,zr,0.24173349999999999,27.1078963,0.75999999,-0.0680000037,20190730395370,1645,0x3,0x1,21.7600002,26.1496849,0.0204476845,0.0902299285,5.86471879e-06,30,1.09300005,2
1645203100008411,96939553,2458723.8999323449,58723.395532399998,21.7167912,0.226782918,0,zr,0.2417222,27.107889100000001,0.949000001,0.0199999996,20190828395532,1645,0x3,0x1,21.7999992,26.1449375,0.0247285236,0.0848472789,8.5563388e-06,30,1.00199997,2
1645203100008411,96939598,2458723.9003837812,58723.395983800001,21.8865623,0.238625288,0,zr,0.24152000000000001,27.107802499999998,0.855000019,-0.182999998,20190828395984,1645,0x3,0x1,21.9699993,26.1397076,0.024910396,0.0872469991,8.60524597e-06,30,1.00199997,3
1645203100008411,97232666,2458726.8312170319,58726.326666699999,21.7825241,0.231368065,0,zr,0.2416227,27.107756999999999,0.545000017,-0.252999991,20190831326632,1645,0x3,0x1,21.6399994,26.1420822,0.0228743684,0.0929803923,7.31160299e-06,30,1.05200005,2
