oid,expid,hjd,mjd,mag,magerr,catflags,filtercode,ra,dec,chi,sharp,filefracday,field,ccdid,qid,limitmag,magzp,magzprms,clrcoeff,clrcounc,exptime,airmass,programid
498201200019847,58937278,2458343.8773630504,58343.372789399997,21.628212,0.253068566,0,zr,0.56494710000000004,2.533064,0.375,-0.123000003,20180813372778,498,0x1,0x2,21.5900002,26.1155605,0.0229382887,0.102081388,1.66038499e-05,30,1.21599996,1
498201200019847,135930431,2459113.8102772203,59113.304317100003,21.5935574,0.250433207,0,zr,0.56507350000000001,2.5328624999999998,0.587000012,-0.179000005,20200921304306,498,0x1,0x2,21.3600006,26.1160622,0.0239043254,0.106660344,1.79252311e-05,30,1.14300001,1
498201200019847,167638131,2459430.8852881957,59430.381319400003,21.5575562,0.247695446,0,zr,0.56519949999999997,2.5329009999999998,0.428000003,-0.30399999,20210804381319,498,0x1,0x2,21.3799992,26.1713123,0.022818692,0.108275525,1.71016545e-05,30,1.24699998,1
498201200019847,175815600,2459512.6611448647,59512.156006899997,21.3078804,0.228708506,0,zr,0.56522989999999995,2.5329777,0.734000027,-0.241999999,20211025156007,498,0x1,0x2,21.3799992,26.227602,0.0229141526,0.100727595,1.67823582e-05,30,1.25199997,1
498201200019847,205834273,2459812.8477710844,59812.342731500001,21.6733894,0.256504178,0,zr,0.56505119999999998,2.5329226,0.52700001,-0.234999999,20220821342720,498,0x1,0x2,21.5,26.1847076,0.0248829313,0.0986155048,2.02800184e-05,30,1.22399998,1
498201200019847,206441379,2459818.919133286,59818.413796300003,21.6046791,0.251278996,0,zr,0.56513990000000003,2.5329872999999998,0.199000001,-0.0529999994,20220827413796,498,0x1,0x2,21.7399998,26.2120342,0.0236812979,0.0987676159,1.80291881e-05,30,1.15199995,1
498201200019847,212618299,2459880.6879875287,59880.182997700002,21.3089523,0.228790045,0,zr,0.56505369999999999,2.5331847999999999,0.568000019,0.0520000011,20221028182940,498,0x1,0x2,21.1700001,26.2281971,0.0226613097,0.10875693,1.63472396e-05,30,1.16600001,1
