oid,expid,hjd,mjd,mag,magerr,catflags,filtercode,ra,dec,chi,sharp,filefracday,field,ccdid,qid,limitmag,magzp,magzprms,clrcoeff,clrcounc,exptime,airmass,programid
1692208300008832,61036956,2458364.8737693178,58364.369560200001,21.9160137,0.249376893,0,zr,0.045668399999999998,35.327573800000003,0.503000021,-0.439999998,20180903369491,1692,0x8,0x3,21.5300007,26.1766682,0.0220976658,0.0995027721,4.4227636e-06,30,1.005,2
1692208300008832,97038582,2458724.8897683909,58724.385821800002,21.1620178,0.194911361,0,zr,0.045424899999999997,35.3272744,0.661000013,-0.27700001,20190829385787,1692,0x8,0x3,20.9400005,26.1183624,0.0242670812,0.108194381,5.26779195e-06,30,1.00399995,2
1692208300008832,133341094,2459087.9163370943,59087.410949099998,22.6162548,0.299959302,0,zr,0.0452713,35.327283600000001,0.788999975,-0.0540000014,20200826410949,1692,0x8,0x3,22.5100002,28.6498623,0.0199609585,0.111194566,3.60771764e-06,300,1.00300002,2
