oid,expid,hjd,mjd,mag,magerr,catflags,filtercode,ra,dec,chi,sharp,filefracday,field,ccdid,qid,limitmag,magzp,magzprms,clrcoeff,clrcounc,exptime,airmass,programid
396207200000302,91646350,2458670.965191762,58670.4635069,21.5630569,0.255766392,0,zr,0.043548499999999997,-2.794343,0.626999974,0.144999996,20190706463507,396,0x7,0x2,21.7999992,26.1975842,0.0230734777,0.114586048,1.3538307e-05,30,1.398,1
396207200000302,132541815,2459079.9232153697,59079.418159699999,21.3911591,0.242426991,0,zr,0.043336699999999999,-2.7944008999999999,0.851000011,-0.287,20200818418160,396,0x7,0x2,21.4799995,26.2141762,0.0243540201,0.120217666,1.48685804e-05,30,1.23300004,1
396207200000302,135929450,2459113.8004683927,59113.294502299999,21.4098568,0.243878007,0,zr,0.043280199999999998,-2.7943927,0.675000012,-0.335000008,20200921294502,396,0x7,0x2,21.3099995,26.2120934,0.0247130077,0.121611625,1.53637684e-05,30,1.26199996,1
396207200000302,172234943,2459476.8553964207,59476.349432900002,20.4425316,0.169329152,0,zr,0.043206500000000002,-2.7945270999999998,0.414000005,-0.317999989,20210919349433,396,0x7,0x2,20.2199993,26.338068,0.0338992029,0.121018186,2.9372608e-05,30,1.23699999,1
396207200000302,240146184,2460155.9656047048,60155.461840299999,21.539463,0.253935456,0,zr,0.043500999999999998,-2.7943905999999998,0.671999991,-0.532000005,20230730461840,396,0x7,0x2,21.4500008,26.2802601,0.0242616143,0.123223893,1.55950293e-05,30,1.23500001,1
