oid,expid,hjd,mjd,mag,magerr,catflags,filtercode,ra,dec,chi,sharp,filefracday,field,ccdid,qid,limitmag,magzp,magzprms,clrcoeff,clrcounc,exptime,airmass,programid
396203200016869,53546387,2458289.9641191913,58289.463877299997,21.3090897,0.244870782,0,zr,0.104737,-4.8324248000000001,0.5,-0.330000013,20180620463854,396,0x3,0x2,20.9799995,26.1298466,0.0244679116,0.115742147,1.29474402e-05,30,1.71599996,1
396203200016869,59441312,2458348.9181868359,58348.413124999999,21.284956,0.242872834,0,zr,0.1048742,-4.8327087000000004,0.620000005,0.108999997,20180818413125,396,0x3,0x2,21.6100006,26.1237946,0.0215205625,0.110518493,1.0072783e-05,30,1.255,1
396203200016869,61233604,2458366.8418044737,58366.3360417,21.2805099,0.242504835,0,zr,0.1048021,-4.8322985000000003,1.12300003,-0.52700001,20180905335995,396,0x3,0x2,21.5699997,26.1722965,0.0224176385,0.111656018,1.09601224e-05,30,1.26999998,1
396203200016869,100332067,2458757.8265332445,58757.320671300004,21.2402592,0.239172459,0,zr,0.10513210000000001,-4.8323035000000001,0.711000025,-0.495999992,20191001320671,396,0x3,0x2,21.1100006,26.0932465,0.0258683786,0.116447285,1.44258911e-05,30,1.24100006,1
396203200016869,102523077,2458779.7358566853,58779.2307755,21.3411789,0.24752748,0,zr,0.10482379999999999,-4.8325494000000004,0.555000007,-0.386999995,20191023230775,396,0x3,0x2,21.1900005,26.089098,0.0272953492,0.11541073,1.60598847e-05,30,1.23699999,1
396203200016869,130737364,2459061.8775893701,59061.373645799998,21.2350521,0.238741398,0,zr,0.1048234,-4.8324558,0.347000003,0.0649999976,20200731373646,396,0x3,0x2,21.1900005,26.1896267,0.0232975371,0.10465993,1.18347825e-05,30,1.50999999,1
396203200016869,169933656,2459453.8420430529,59453.336562500001,21.096241,0.227249503,0,zr,0.1049345,-4.8321930999999996,0.566999972,-0.221000001,20210827336562,396,0x3,0x2,21.1100006,26.2571144,0.0232092291,0.106409356,1.18371499e-05,30,1.329,1
396203200016869,176819136,2459522.6956813158,59522.191365699997,21.4132996,0.253498197,0,zr,0.1048058,-4.8325692,0.469000012,-0.349000007,20211104191366,396,0x3,0x2,21,26.2655392,0.0236362331,0.116357647,1.20983041e-05,30,1.23800004,1
396203200016869,215517531,2459909.6778531014,59909.175312500003,21.3216743,0.245912671,0,zr,0.10482080000000001,-4.8325073999999999,0.583000004,-0.326999992,20221126175312,396,0x3,0x2,21.1299992,26.2801762,0.0219076928,0.105244868,1.04792243e-05,30,1.24800003,1
