oid,expid,hjd,mjd,mag,magerr,catflags,filtercode,ra,dec,chi,sharp,filefracday,field,ccdid,qid,limitmag,magzp,magzprms,clrcoeff,clrcounc,exptime,airmass,programid
1545203200010790,58140471,2458335.9083238407,58335.4047106,21.2087841,0.195138335,0,zr,0.56632340000000003,13.1590834,0.323000014,-0.195999995,20180805404699,1545,0x3,0x2,21.1900005,26.1987953,0.0234979745,0.101964325,1.18844073e-05,30,1.10699999,2
1545203200010790,58345562,2458337.959392542,58337.455625000002,21.6633987,0.225443244,0,zr,0.56629370000000001,13.1589619,0.785000026,-0.0329999998,20180807455625,1545,0x3,0x2,21.6200008,26.1932468,0.0234801956,0.104778089,1.16410047e-05,30,1.05599999,2
1545203200010790,96542494,2458719.9297909867,58719.424942099999,21.12006,0.189223886,0,zr,0.56663790000000003,13.1591691,0.372999996,-0.206,20190824424850,1545,0x3,0x2,21.3899994,26.1042576,0.0233532432,0.105780974,1.14418972e-05,30,1.05700004,2
1545203200010790,98131231,2458735.8178480454,58735.312314800001,20.775095,0.166228294,0,zr,0.56650540000000005,13.1592947,0.876999974,-0.39199999,20190909312303,1545,0x3,0x2,21.1200008,26.1051865,0.0255934875,0.106869094,1.38677851e-05,30,1.09599996,2
