oid,expid,hjd,mjd,mag,magerr,catflags,filtercode,ra,dec,chi,sharp,filefracday,field,ccdid,qid,limitmag,magzp,magzprms,clrcoeff,clrcounc,exptime,airmass,programid
600215100027768,59846613,2458352.9700929457,58352.466134299997,21.9141273,0.26633656,0,zr,0.1955713,29.1717054,0.493000001,0.0340000018,20180822466111,600,0xf,0x1,21.9300003,26.1669426,0.020450037,0.0870261043,5.22719256e-06,30,1.06200004,1
600215100027768,100614804,2458760.6533853756,58760.148044000001,21.1039467,0.204127431,0,zr,0.19531670000000001,29.171634099999999,0.773000002,-0.223000005,20191004147650,600,0xf,0x1,21.2000008,26.0742092,0.0227669515,0.0886726081,6.42099303e-06,30,1.421,1
600215100027768,158449049,2459338.9862153619,59338.490497699997,20.4492626,0.153353691,0,zr,0.1953521,29.171847499999998,0.361000001,-0.180000007,20210504490498,600,0xf,0x1,20.0499992,26.0804806,0.0312751941,0.0998658687,1.21891653e-05,30,2.5539999,1
1645207100017677,59044328,2458344.9467322393,58344.443287000002,21.8606758,0.235594034,0,zr,0.19543940000000001,29.1716561,0.661000013,-0.158999994,20180814443252,1645,0x7,0x1,21.75,26.2520275,0.0252103955,0.104265928,8.34739694e-06,30,1.005,2
1645207100017677,61539149,2458369.8962967936,58369.391493100004,21.5799618,0.215646267,0,zr,0.1955604,29.1715117,0.522000015,-0.202000007,20180908391482,1645,0x7,0x1,21.7199993,26.2645741,0.0227645058,0.105535232,6.83217013e-06,30,1.01400006,2
1645207100017677,61834289,2458372.8478071685,58372.342893499997,21.620472,0.218525052,0,zr,0.1956898,29.1716637,0.774999976,-0.204999998,20180911342882,1645,0x7,0x1,21.4400005,26.3015251,0.0201019738,0.100359865,5.31532623e-06,30,1.00399995,2
