oid,expid,hjd,mjd,mag,magerr,catflags,filtercode,ra,dec,chi,sharp,filefracday,field,ccdid,qid,limitmag,magzp,magzprms,clrcoeff,clrcounc,exptime,airmass,programid
396215300007426,97039834,2458724.9038361888,58724.398344900001,20.8539829,0.21577096,0,zr,0.0066449999999999999,-0.5589594,0.878000021,-0.479000002,20190829398345,396,0xf,0x3,20.8299999,26.1001644,0.0298522189,0.136466995,6.29778078e-05,30,1.23399997,1
396215300007426,100332067,2458757.8265747526,58757.320671300004,21.2811985,0.251600742,0,zr,0.0062886000000000001,-0.55938160000000003,0.550000012,-0.184,20191001320671,396,0xf,0x3,21.1200008,26.1256676,0.0241420921,0.114965253,4.09709755e-05,30,1.24100006,1
396215300007426,171337934,2459467.8851983896,59467.379340300002,21.4477596,0.265569925,0,zr,0.0066059999999999999,-0.55888199999999999,0.561999977,-0.111000001,20210910379340,396,0xf,0x3,21.5799999,26.2323818,0.0245458037,0.115505047,4.38172501e-05,30,1.24100006,1
396215300007426,212329540,2459877.8004627526,59877.295405099998,20.8712063,0.217215538,0,zr,0.0063695000000000002,-0.55877250000000001,0.72299999,-0.279000014,20221025295394,396,0xf,0x3,20.7099991,26.2574177,0.0277761221,0.137778997,5.68991854e-05,30,1.32200003,1
