oid,expid,hjd,mjd,mag,magerr,catflags,filtercode,ra,dec,chi,sharp,filefracday,field,ccdid,qid,limitmag,magzp,magzprms,clrcoeff,clrcounc,exptime,airmass,programid
245207100005502,59639561,2458350.9007538524,58350.395613399996,20.9950695,0.215701818,0,zr,0.25091960000000002,-25.0836361,1.19500005,-0.273000002,20180820395602,245,0x7,0x1,21.1299992,26.1776962,0.0247743558,0.100095548,1.86333946e-05,30,1.94000006,3
245207100005502,61837407,2458372.8795992052,58372.3740741,20.9685116,0.213751912,0,zr,0.25103819999999999,-25.0836954,0.623000026,-0.174999997,20180911374062,245,0x7,0x1,21.0200005,26.2152061,0.0280933473,0.118141875,2.44798648e-05,30,1.87800002,1
245207100005502,94146026,2458695.9644531575,58695.460266200003,21.0665207,0.220947981,0,zr,0.2509053,-25.083585899999999,1.148,0.277999997,20190731460104,245,0x7,0x1,21.2999992,26.1011658,0.0287942588,0.1300053,2.53657327e-05,30,1.85899997,3
245207100005502,96937589,2458723.8812495777,58723.375891199998,21.5184193,0.254127264,0,zr,0.25110549999999998,-25.083784600000001,0.884000003,0.238999993,20190828375590,245,0x7,0x1,21.4699993,26.0838356,0.0269675106,0.107750028,2.28027038e-05,30,1.87100005,1
245207100005502,135836045,2459112.8659138582,59112.360451400004,21.2209167,0.232284069,0,zr,0.25100169999999999,-25.083824,0.569999993,0.0280000009,20200920360451,245,0x7,0x1,21.2999992,26.2092133,0.0262098946,0.124799579,2.17667457e-05,30,1.90499997,1
