oid,expid,hjd,mjd,mag,magerr,catflags,filtercode,ra,dec,chi,sharp,filefracday,field,ccdid,qid,limitmag,magzp,magzprms,clrcoeff,clrcounc,exptime,airmass,programid
1645207100005333,58242262,2458336.9254962844,58336.422627300002,21.5962238,0.216801882,0,zr,0.13818130000000001,29.273894200000001,0.693000019,-0.481999993,20180806422604,1645,0x7,0x1,21.3799992,26.3002148,0.0211804807,0.105026923,5.7675752e-06,30,1.01600003,2
1645207100005333,60232800,2458356.8321867948,58356.328009299999,20.912344,0.168204904,0,zr,0.13829710000000001,29.2736941,0.514999986,-0.363999993,20180826327882,1645,0x7,0x1,20.6399994,26.285202,0.0284357723,0.105595209,1.07518226e-05,30,1.079,2
1645207100005333,61033249,2458364.8370837094,58364.332499999997,21.6769657,0.222539544,0,zr,0.13811280000000001,29.273719400000001,0.717000008,-0.230000004,20180903332488,1645,0x7,0x1,21.4500008,26.2348728,0.0193691645,0.0970010832,4.94897267e-06,30,1.02999997,2
1645207100005333,61732674,2458371.8316201558,58371.326747699997,21.7348824,0.226655126,0,zr,0.138346,29.273811599999998,0.717000008,-0.453999996,20180910326725,1645,0x7,0x1,21.6000004,26.2977695,0.0210293457,0.103486292,5.83614155e-06,30,1.01499999,2
1645207100005333,96242343,2458716.9273137846,58716.423437500001,21.2707787,0.193675518,0,zr,0.13832059999999999,29.2738163,0.759000003,-0.209999993,20190821423438,1645,0x7,0x1,21.2700005,26.2113991,0.0240468178,0.108895428,7.4016998e-06,30,1.00399995,3
1645207100005333,96939553,2458723.8998088636,58723.395532399998,21.740593,0.227060914,0,zr,0.13817950000000001,29.273759099999999,0.717000008,0.393000007,20190828395532,1645,0x7,0x1,21.6800003,26.1829777,0.0224785451,0.0977203399,6.38705933e-06,30,1.00199997,2
