oid,expid,hjd,mjd,mag,magerr,catflags,filtercode,ra,dec,chi,sharp,filefracday,field,ccdid,qid,limitmag,magzp,magzprms,clrcoeff,clrcounc,exptime,airmass,programid
1492209200016131,102135387,2458775.8593077818,58775.353877299996,21.2071686,0.195226908,0,zr,0.47659119999999999,2.7095001999999999,0.488000005,-0.284000009,20191019353877,1492,0x9,0x2,20.9699993,26.1111431,0.0259141289,0.105181672,2.77930922e-05,30,1.52199996,2
1492209200016131,102135432,2458775.8597591631,58775.354328699999,21.2197151,0.196080804,0,zr,0.47660940000000002,2.7094866999999998,0.488999993,-0.172999993,20191019354329,1492,0x9,0x2,21.0699997,26.1066914,0.0254075769,0.106632672,2.70340097e-05,30,1.52600002,3
1492209200016131,130736343,2459061.8671211419,59061.363437499997,21.195919,0.194461465,0,zr,0.47650579999999998,2.7095546000000001,0.654999971,-0.0520000011,20200731363438,1492,0x9,0x2,21.1499996,26.2445946,0.0260454044,0.113124445,2.89254622e-05,30,1.44200003,3
1492209200016131,132540444,2459079.9093506215,59079.404444400003,21.3580303,0.20549345,0,zr,0.47631889999999999,2.7094390000000002,0.850000024,-0.151999995,20200818404433,1492,0x9,0x2,21.5499992,26.2034683,0.0230924524,0.10061425,2.12102841e-05,30,1.18299997,3
1492209200016131,133236974,2459086.875011974,59086.369745399999,21.8101444,0.236260653,0,zr,0.47650009999999998,2.7094529000000001,0.689999998,-0.287,20200825369745,1492,0x9,0x2,21.7399998,26.2205524,0.0222654939,0.116539434,2.04443168e-05,30,1.19400001,2
1492209200016131,133338027,2459087.8855908578,59087.380277800003,21.3568516,0.205413222,0,zr,0.47665350000000001,2.7094219000000002,0.532000005,0.0670000017,20200826380278,1492,0x9,0x2,21.5499992,26.1491814,0.0270151999,0.107653596,3.14426798e-05,30,1.18400002,3
1492209200016131,135930478,2459113.8107395163,59113.304780099999,21.2021751,0.194887161,0,zr,0.47637269999999998,2.7095186999999998,1.26900005,-0.0289999992,20200921304780,1492,0x9,0x2,21.4500008,26.2000542,0.0250817817,0.108911432,2.71013541e-05,30,1.18700004,2
1492209200016131,137627902,2459130.7848044122,59130.279027800003,21.5069046,0.215624571,0,zr,0.4763945,2.7093288000000002,0.490999997,-0.0820000023,20201008279016,1492,0x9,0x2,21.4599991,26.3107548,0.0295842793,0.105311304,3.79143494e-05,30,1.18400002,2
1492209200016131,137627950,2459130.7852789024,59130.2795023,21.4762115,0.213535905,0,zr,0.47645019999999999,2.7094497,0.393999994,0.023,20201008279491,1492,0x9,0x2,21.4699993,26.3070927,0.0262722857,0.112872638,2.95450081e-05,30,1.18400002,3
