oid,expid,hjd,mjd,mag,magerr,catflags,filtercode,ra,dec,chi,sharp,filefracday,field,ccdid,qid,limitmag,magzp,magzprms,clrcoeff,clrcounc,exptime,airmass,programid
1493211200000852,58142987,2458335.9336100756,58335.429872699999,21.3748627,0.230646491,0,zr,0.84950049999999999,9.8627833999999996,0.219999999,-0.0869999975,20180805429873,1493,0xb,0x2,21.5,26.3375225,0.0291354023,0.117461443,3.01807922e-05,30,1.12899995,2
1493211200000852,58143033,2458335.9340730296,58335.430335600002,21.3251076,0.226598501,0,zr,0.84930479999999997,9.8626524999999994,0.451999992,-0.137999997,20180805430324,1493,0xb,0x2,21.4699993,26.3267689,0.0276710931,0.115093388,2.72788857e-05,30,1.12800002,2
1493211200000852,94645807,2458700.9617993063,58700.458078700001,21.4615574,0.237699747,0,zr,0.84941250000000001,9.8628391999999998,0.593999982,0.136000007,20190805458032,1493,0xb,0x2,21.7800007,26.2332897,0.0252426025,0.12097761,2.41395883e-05,30,1.10399997,2
1493211200000852,96939372,2458723.8988858201,58723.393726900002,21.2432365,0.219937801,0,zr,0.84948120000000005,9.8627091,1.03499997,-0.0130000003,20190828393623,1493,0xb,0x2,21.8099995,26.214283,0.0269224904,0.119577155,2.66881798e-05,30,1.10399997,2
1493211200000852,100930271,2458763.808534178,58763.302719899999,20.9144535,0.193189025,0,zr,0.84950159999999997,9.8626349999999992,0.83099997,-0.0419999994,20191007302720,1493,0xb,0x2,21.3700008,26.2352829,0.0258523468,0.121906944,2.48677406e-05,30,1.10800004,2
1493211200000852,103619585,2458790.700643749,58790.195856500002,21.129921,0.210718751,0,zr,0.84951129999999997,9.8627891999999999,0.630999982,-0.361999989,20191103195845,1493,0xb,0x2,21.0200005,26.2418346,0.0285745505,0.124876037,3.02216795e-05,30,1.11000001,2
