oid,expid,hjd,mjd,mag,magerr,catflags,filtercode,ra,dec,chi,sharp,filefracday,field,ccdid,qid,limitmag,magzp,magzprms,clrcoeff,clrcounc,exptime,airmass,programid
1492202400006520,58144045,2458335.9446573304,58335.440451399998,21.2029991,0.19732058,0,zr,0.24826970000000001,-2.6450518000000001,0.55400002,-0.0260000005,20180805440451,1492,0x2,0x4,21.2099991,26.1568222,0.0234863516,0.107096441,1.4809114e-05,30,1.19599998,2
1492202400006520,132741024,2459081.9153883955,59081.410243099999,21.6312084,0.227846384,0,zr,0.24805440000000001,-2.6448743000000001,0.465000004,-0.289000005,20200820410243,1492,0x2,0x4,21.3799992,26.0564575,0.0233878158,0.10699904,1.48878562e-05,30,1.18200004,2
1492202400006520,132741070,2459081.9158513118,59081.410706000002,21.6308117,0.227818131,0,zr,0.24820139999999999,-2.6448844999999999,0.386999995,-0.0649999976,20200820410706,1492,0x2,0x4,21.5200005,26.0811138,0.0279223826,0.101748809,2.0951009e-05,30,1.18200004,3
1492202400006520,133337981,2459087.885235195,59087.379814799999,21.4640999,0.215933681,0,zr,0.24828130000000001,-2.6450011,0.731999993,0.135000005,20200826379815,1492,0x2,0x4,21.6100006,26.0799522,0.0251742881,0.107588284,1.70929179e-05,30,1.18400002,2
