oid,expid,hjd,mjd,mag,magerr,catflags,filtercode,ra,dec,chi,sharp,filefracday,field,ccdid,qid,limitmag,magzp,magzprms,clrcoeff,clrcounc,exptime,airmass,programid
550211300018528,59846519,2458352.9697052175,58352.465196800003,21.9160557,0.269325376,0,zr,0.170905,19.1341666,1.04400003,-0.518999994,20180822465185,550,0xb,0x3,21.9500008,26.3134937,0.020865459,0.104614533,6.38002393e-06,30,1.09099996,1
550211300018528,138921567,2459143.7210002015,59143.2156713,21.9813347,0.274263501,0,zr,0.17059389999999999,19.134188000000002,0.418000013,-0.294,20201021215671,550,0xb,0x3,21.6499996,26.3960438,0.022436887,0.106643498,7.4793179e-06,30,1.046,1
550211300018528,206040034,2459814.9049083451,59814.400347199997,21.78545,0.259445548,0,zr,0.17090089999999999,19.1344271,0.838,-0.216999993,20220823400347,550,0xb,0x3,21.8799992,26.39147,0.0226851422,0.0949755833,7.56011968e-06,30,1.03199995,1
550211300018528,212423739,2459878.7425562269,59878.237395800003,21.1713657,0.21299243,0,zr,0.17094129999999999,19.133886499999999,0.572000027,-0.340999991,20221026237384,550,0xb,0x3,21.1599998,26.4132805,0.0226932131,0.113775752,7.52867254e-06,30,1.03100002,1
550211300018528,214228245,2459896.7866455745,59896.282453699998,20.6841812,0.176138878,0,zr,0.171345,19.134368800000001,0.714999974,-0.486000001,20221113282454,550,0xb,0x3,20.7900009,26.3825397,0.0238880627,0.109191537,8.31406032e-06,30,1.21500003,1
550211300018528,218114333,2459935.6442693695,59935.143333300002,21.3526516,0.226706028,0,zr,0.1707969,19.134356400000001,0.842000008,-0.308999985,20221222143322,550,0xb,0x3,21.2800007,26.4150162,0.0221951418,0.111409031,7.12871451e-06,30,1.10699999,1
550211300018528,241445484,2460168.9586989298,60168.454849499998,21.8232021,0.262301326,0,zr,0.1708749,19.134316399999999,0.451000005,-0.185000002,20230812454838,550,0xb,0x3,21.8199997,26.429285,0.0225109309,0.0968936458,7.46065325e-06,30,1.03499997,1
