oid,expid,hjd,mjd,mag,magerr,catflags,filtercode,ra,dec,chi,sharp,filefracday,field,ccdid,qid,limitmag,magzp,magzprms,clrcoeff,clrcounc,exptime,airmass,programid
1492206400006166,58144000,2458335.944165729,58335.440000000002,21.408493,0.206774831,0,zr,0.020920299999999999,-0.64125279999999996,0.731000006,-0.261000007,20180805439988,1492,0x6,0x4,21.3299999,26.2869434,0.0217504296,0.112401426,1.67683211e-05,30,1.19599998,2
1492206400006166,132540396,2459079.9089821419,59079.403969899999,21.4687366,0.210786581,0,zr,0.0207981,-0.64132800000000001,0.510999978,-0.0460000001,20200818403970,1492,0x6,0x4,21.5900002,26.234993,0.0277807172,0.0998852998,2.60346424e-05,30,1.18299997,2
1492206400006166,132741024,2459081.9153612023,59081.410243099999,21.4066296,0.206650734,0,zr,0.020855599999999998,-0.64130640000000005,0.598999977,-0.209000006,20200820410243,1492,0x6,0x4,21.4699993,26.1825905,0.0297804829,0.104270846,3.0041705e-05,30,1.18200004,2
1492206400006166,133236974,2459086.8751003793,59086.369745399999,21.3641338,0.203820944,0,zr,0.020757100000000001,-0.6415805,0.665000021,0.105999999,20200825369745,1492,0x6,0x4,21.8099995,26.2950745,0.0287271496,0.103380077,2.78176085e-05,30,1.19400001,2
1492206400006166,135930478,2459113.8107504924,59113.304780099999,21.3099976,0.200215936,0,zr,0.021074300000000001,-0.64143479999999997,0.546000004,-0.307000011,20200921304780,1492,0x6,0x4,21.3899994,26.2293186,0.028308047,0.106879771,2.98086579e-05,30,1.18700004,2
1492206400006166,136236924,2459116.8752118205,59116.3692477,21.2122478,0.193706632,0,zr,0.020883499999999999,-0.64127069999999997,0.65200001,-0.206,20200924369248,1492,0x6,0x4,21.5300007,26.3028278,0.024787182,0.101905212,2.10911803e-05,30,1.26499999,2
1492206400006166,137627902,2459130.7847643839,59130.279027800003,21.1731567,0.191103458,0,zr,0.0210604,-0.64139639999999998,0.875999987,-0.286000013,20201008279016,1492,0x6,0x4,21.5499992,26.3450584,0.0234674625,0.110207282,2.02084448e-05,30,1.18400002,2
