oid,expid,hjd,mjd,mag,magerr,catflags,filtercode,ra,dec,chi,sharp,filefracday,field,ccdid,qid,limitmag,magzp,magzprms,clrcoeff,clrcounc,exptime,airmass,programid
1492210400003514,99436187,2458748.8678417709,58748.361875000002,20.9953804,0.185645103,0,zr,0.083016099999999995,1.5436886000000001,1,-0.379999995,20190922361875,1492,0xa,0x4,21.1900005,26.1215,0.0213143546,0.114663705,1.70496387e-05,30,1.227,3
1492210400003514,100533217,2458759.8380588987,58759.332175900003,21.4469128,0.218435526,0,zr,0.083048200000000003,1.5437673000000001,0.728999972,-0.119000003,20191003332176,1492,0xa,0x4,21.2800007,26.1701775,0.0210456531,0.112539344,1.62827691e-05,30,1.22800004,2
1492210400003514,132540396,2459079.9089273596,59079.403969899999,21.2030602,0.200726867,0,zr,0.082828100000000002,1.5436061000000001,0.699999988,-0.165000007,20200818403970,1492,0xa,0x4,21.5300007,26.2010117,0.0207998063,0.115417235,1.58879939e-05,30,1.18299997,2
1492210400003514,132741070,2459081.9157719882,59081.410706000002,21.6616058,0.23402667,0,zr,0.082946599999999995,1.5435871999999999,0.456,-0.180000007,20200820410706,1492,0xa,0x4,21.5,26.1607227,0.022373002,0.113303259,1.86783727e-05,30,1.18200004,3
1492210400003514,133236974,2459086.87505503,59086.369745399999,21.3608646,0.212186694,0,zr,0.082815200000000005,1.5435679,0.759000003,0.0820000023,20200825369745,1492,0xa,0x4,21.7299995,26.2392635,0.0222967304,0.111299179,1.83949542e-05,30,1.19400001,2
1492210400003514,133337981,2459087.8851696444,59087.379814799999,21.675663,0.23504746,0,zr,0.0829791,1.5437080000000001,0.77700001,-0.140000001,20200826379815,1492,0xa,0x4,21.6499996,26.1682339,0.0253477767,0.109409288,2.37463846e-05,30,1.18400002,2
1492210400003514,136236924,2459116.8752125143,59116.3692477,21.3391857,0.210612416,0,zr,0.083046800000000004,1.5434504,0.621999979,-0.230000004,20200924369248,1492,0xa,0x4,21.4899998,26.2850552,0.0206991453,0.106960692,1.58486691e-05,30,1.26499999,2
1492210400003514,137627902,2459130.7847870989,59130.279027800003,20.9683456,0.183681846,0,zr,0.082988999999999993,1.5436341,0.493999988,-0.0680000037,20201008279016,1492,0xa,0x4,21.4400005,26.3058395,0.0234442204,0.115340337,1.84903347e-05,30,1.18400002,2
