oid,expid,hjd,mjd,mag,magerr,catflags,filtercode,ra,dec,chi,sharp,filefracday,field,ccdid,qid,limitmag,magzp,magzprms,clrcoeff,clrcounc,exptime,airmass,programid
498213300013089,56245960,2458316.9618802979,58316.459606500001,21.5960846,0.257699966,0,zr,0.70377310000000004,7.1204625999999998,0.27700001,-0.0869999975,20180717459514,498,0xd,0x3,21.6599998,26.11689,0.0261054095,0.102433115,2.42002079e-05,30,1.18200004,1
498213300013089,58143908,2458335.9429424973,58335.439085600003,21.5429268,0.253593802,0,zr,0.7036232,7.1204618000000002,0.535000026,-0.218999997,20180805439074,498,0xd,0x3,21.2999992,26.2070885,0.0280604027,0.110895537,2.76074024e-05,30,1.15100002,1
498213300013089,59440172,2458348.9064571075,58348.4017245,21.4746017,0.24831593,0,zr,0.7036751,7.1203599000000004,0.591000021,0.074000001,20180818401725,498,0xd,0x3,21.7800007,26.1977119,0.0258309934,0.105722941,2.40683748e-05,30,1.15600002,3
498213300013089,59535074,2458349.855529259,58349.3507407,21.3437843,0.238210917,0,zr,0.70374210000000004,7.1205357999999999,0.377000004,-0.125,20180819350694,498,0xd,0x3,21.5,26.2020531,0.0249186847,0.0961322412,2.23140105e-05,30,1.23399997,1
498213300013089,63626491,2458390.7708395789,58390.264919000001,21.0194378,0.2131567,0,zr,0.70339739999999995,7.1205284999999998,0.559000015,0.0419999994,20180929264907,498,0xd,0x3,20.9300003,26.2325497,0.0279305913,0.112388819,2.76123828e-05,30,1.16400003,3
498213300013089,67825679,2458432.7610545778,58432.256794000001,20.9871025,0.210659027,0,zr,0.70384369999999996,7.1205786,0.808000028,-0.123000003,20181110256794,498,0xd,0x3,21.0300007,26.2199917,0.0254431106,0.104419179,2.25414678e-05,30,1.28100002,1
498213300013089,92840451,2458682.9068499347,58682.404513900001,20.7920418,0.19559145,0,zr,0.70366220000000002,7.1204744,0.504999995,-0.222000003,20190718404479,498,0xd,0x3,20.7999992,26.1496849,0.0308310427,0.101060905,3.37743841e-05,30,1.35500002,3
498213300013089,95346462,2458707.9689686885,58707.464629599999,21.574398,0.256024718,0,zr,0.70397929999999997,7.1205560999999999,0.263000011,0.187999994,20190812464630,498,0xd,0x3,21.5599995,26.1629066,0.0223399326,0.0959500298,1.78289065e-05,30,1.16600001,1
