oid,expid,hjd,mjd,mag,magerr,catflags,filtercode,ra,dec,chi,sharp,filefracday,field,ccdid,qid,limitmag,magzp,magzprms,clrcoeff,clrcounc,exptime,airmass,programid
1492210400009948,61834848,2458372.854332767,58372.3484838,21.0646553,0.190675855,0,zr,0.096854899999999994,1.7503888000000001,0.916999996,-0.218999997,20180911348484,1492,0xa,0x4,21.2099991,26.277668,0.0188581981,0.104261152,1.28134025e-05,30,1.18299997,2
1492210400009948,103620672,2458790.711323319,58790.2067245,21.1598225,0.197587013,0,zr,0.097087099999999996,1.7506079999999999,0.514999986,-0.0500000007,20191103206725,1492,0xa,0x4,21.1299992,26.1845646,0.0232375693,0.10998597,2.03984437e-05,30,1.18200004,3
1492210400009948,132241190,2459076.9166887426,59076.4119097,21.2497158,0.204115033,0,zr,0.097179299999999996,1.7504426,0.949000001,-0.381999999,20200815411898,1492,0xa,0x4,21.3700008,26.2367516,0.0223143194,0.117260419,1.83270895e-05,30,1.18299997,2
1492210400009948,132241237,2459076.917151771,59076.412372699997,21.3665943,0.212602854,0,zr,0.097151500000000002,1.7504834,0.690999985,-0.270000011,20200815412373,1492,0xa,0x4,21.4500008,26.2436314,0.0207463857,0.11253652,1.60899417e-05,30,1.18299997,3
1492210400009948,136236924,2459116.8752121613,59116.3692477,21.5764847,0.227845073,0,zr,0.097008800000000006,1.7504404,0.556999981,-0.291999996,20200924369248,1492,0xa,0x4,21.4899998,26.2850552,0.0206991453,0.106960692,1.58486691e-05,30,1.26499999,2
