oid,expid,hjd,mjd,mag,magerr,catflags,filtercode,ra,dec,chi,sharp,filefracday,field,ccdid,qid,limitmag,magzp,magzprms,clrcoeff,clrcounc,exptime,airmass,programid
396215200015077,60042157,2458354.9268437158,58354.421574100001,21.0323143,0.223785877,0,zr,0.090696200000000005,0.23498530000000001,0.312000006,-0.136999995,20180824421563,396,0xf,0x2,20.8600006,26.1423016,0.0279321,0.105401635,3.32489944e-05,30,1.25800002,1
396215200015077,63533163,2458389.8375734696,58389.331631900001,20.9833641,0.219862223,0,zr,0.090357800000000002,0.23502339999999999,0.60799998,-0.31400001,20180928331632,396,0xf,0x2,20.8899994,26.135355,0.0271767136,0.0929600298,3.17281738e-05,30,1.24600005,1
396215200015077,91646350,2458670.9650692586,58670.4635069,21.5620251,0.266245604,0,zr,0.090744199999999997,0.2350971,0.361999989,-0.0710000023,20190706463507,396,0xf,0x2,21.7399998,26.0750694,0.0257681161,0.105814628,2.767347e-05,30,1.398,1
396215200015077,165744299,2459411.9455268462,59411.442997700004,21.3631706,0.250306129,0,zr,0.0910165,0.23484940000000001,0.629000008,-0.317999989,20210716442986,396,0xf,0x2,21.3099995,25.9678726,0.0260643382,0.104155786,2.84698745e-05,30,1.35899997,1
396215200015077,170737355,2459461.8792531639,59461.373553199999,21.7467194,0.281050086,0,zr,0.090835799999999994,0.2349918,0.130999997,-0.0579999983,20210904373553,396,0xf,0x2,21.4899998,26.2024727,0.0251119677,0.10411232,2.6951855e-05,30,1.23099995,1
