oid,expid,hjd,mjd,mag,magerr,catflags,filtercode,ra,dec,chi,sharp,filefracday,field,ccdid,qid,limitmag,magzp,magzprms,clrcoeff,clrcounc,exptime,airmass,programid
499215200013868,94040068,2458694.9037415911,58694.400682899999,21.851696,0.283512831,0,zr,0.2494442,14.948089599999999,0.386000007,-0.248999998,20190730400671,499,0xf,0x2,21.6900005,26.0749187,0.0227808505,0.0987511948,1.06113976e-05,30,1.18599999,3
499215200013868,210029126,2459854.7970495615,59854.291261600003,21.7236977,0.273267031,0,zr,0.2494035,14.9480957,0.626999974,-0.0820000023,20221002291250,499,0xf,0x2,21.7000008,26.2108498,0.0225197095,0.0946007371,1.06523748e-05,30,1.07500005,1
499215200013868,241445532,2460168.9593697605,60168.455324100003,21.6843967,0.270121217,0,zr,0.2495954,14.948032100000001,0.675000012,0.169,20230812455312,499,0xf,0x2,21.7700005,26.2137394,0.024425773,0.0946483836,1.26005643e-05,30,1.07799995,1
