oid,expid,hjd,mjd,mag,magerr,catflags,filtercode,ra,dec,chi,sharp,filefracday,field,ccdid,qid,limitmag,magzp,magzprms,clrcoeff,clrcounc,exptime,airmass,programid
396215200027221,99529387,2458749.7998469924,58749.293877299999,21.2888374,0.24434793,0,zr,0.1688761,0.47451320000000002,0.870999992,-0.40200001,20190923293866,396,0xf,0x2,21.3199997,26.0224571,0.0239812508,0.10240934,2.44913335e-05,30,1.25699997,1
396215200027221,129341949,2459047.9221139266,59047.419490699998,21.3864059,0.252168655,0,zr,0.16890289999999999,0.4746225,0.538999975,-0.114,20200717419491,396,0xf,0x2,21.5400009,26.2200775,0.0236086678,0.106286749,2.33167593e-05,30,1.46200001,1
396215200027221,130246142,2459056.9648176222,59056.461423599998,21.4450722,0.256871104,0,zr,0.16885169999999999,0.4745472,0.740999997,-0.128999993,20200726461412,396,0xf,0x2,21.6599998,26.198143,0.0239304639,0.0975559875,2.4071931e-05,30,1.24600005,1
396215200027221,165143619,2459405.9381567799,59405.436192100002,21.3094826,0.246002674,0,zr,0.16892219999999999,0.474603,0.92900002,-0.367000014,20210710436181,396,0xf,0x2,21.3099995,26.0773983,0.0253392868,0.10271927,2.66952957e-05,30,1.47800004,1
396215200027221,210029559,2459854.8014828595,59854.295590299997,21.4045391,0.253622174,0,zr,0.16889680000000001,0.47461449999999999,1.33899999,0.0419999994,20221002295590,396,0xf,0x2,21.6299992,26.1949196,0.0226870682,0.10061983,2.18839086e-05,30,1.23099995,1
396215200027221,211529814,2459869.80361113,59869.298148100002,21.2248287,0.239217162,0,zr,0.16882469999999999,0.474715,0.252999991,-0.126000002,20221017297986,396,0xf,0x2,21.0499992,26.1652241,0.0259586815,0.110972121,2.82655565e-05,30,1.27100003,1
