oid,expid,hjd,mjd,mag,magerr,catflags,filtercode,ra,dec,chi,sharp,filefracday,field,ccdid,qid,limitmag,magzp,magzprms,clrcoeff,clrcounc,exptime,airmass,programid
1492214400007473,60945599,2458363.9615800683,58363.4559954,20.9575729,0.179109335,0,zr,0.087924299999999997,3.0659831,0.425000012,-0.280000001,20180902455984,1492,0xe,0x4,20.8999996,26.1749935,0.0264147334,0.107395016,2.77889649e-05,30,1.36600006,2
1492214400007473,99436187,2458748.8678342793,58748.361875000002,21.1831932,0.194404483,0,zr,0.087821499999999997,3.0659632000000001,0.64200002,-0.400999993,20190922361875,1492,0xe,0x4,21.1399994,26.0449448,0.0269637704,0.111593999,2.96694616e-05,30,1.227,3
1492214400007473,135930525,2459113.8112129681,59113.305254600004,21.2379475,0.198116422,0,zr,0.088056899999999994,3.0657429,0.426999986,-0.164000005,20200921305243,1492,0xe,0x4,21.2900009,26.1463146,0.0272705946,0.121330746,2.99421263e-05,30,1.18599999,3
