oid,expid,hjd,mjd,mag,magerr,catflags,filtercode,ra,dec,chi,sharp,filefracday,field,ccdid,qid,limitmag,magzp,magzprms,clrcoeff,clrcounc,exptime,airmass,programid
1645215400012102,59134785,2458345.8511822158,58345.3478588,21.4205608,0.205817342,0,zr,0.61344460000000001,31.778453299999999,0.897000015,-0.493999988,20180815347847,1645,0xf,0x4,21.4200001,26.167078,0.018436918,0.0877238959,3.46120987e-06,30,1.10399997,2
1645215400012102,61631152,2458370.8162072003,58370.311527799997,21.5251369,0.213037133,0,zr,0.61337370000000002,31.778419199999998,0.906000018,-0.136000007,20180909311516,1645,0xf,0x4,21.5699997,26.2245541,0.0186219309,0.0975420401,3.54071767e-06,30,1.03600001,2
1645215400012102,62035052,2458374.8553491533,58374.350520799999,21.6820831,0.223872542,0,zr,0.61336559999999996,31.778421099999999,0.368999988,-0.142000005,20180913350521,1645,0xf,0x4,21.5499992,26.2299595,0.0193207581,0.0979795679,3.79384551e-06,30,1.00199997,2
