oid,expid,hjd,mjd,mag,magerr,catflags,filtercode,ra,dec,chi,sharp,filefracday,field,ccdid,qid,limitmag,magzp,magzprms,clrcoeff,clrcounc,exptime,airmass,programid
498205200002915,61337195,2458367.8776339465,58367.371956000003,21.3774128,0.226390243,0,zr,0.51784960000000002,4.2055787999999996,0.653999984,-0.0149999997,20180906371944,498,0x5,0x2,21.4400005,26.211174,0.0261583365,0.107204705,2.18494715e-05,30,1.14300001,3
498205200002915,63624818,2458390.7541191941,58390.248182900003,21.0199757,0.200975299,0,zr,0.51766860000000003,4.2058947,0.745999992,0.122000001,20180929248183,498,0x5,0x2,21.0699997,26.2148247,0.026563989,0.106858432,2.27764558e-05,30,1.19599998,1
498205200002915,91543729,2458669.9385561631,58669.4372917,21.5123062,0.235981584,0,zr,0.5178971,4.2059308,0.898000002,-0.317999989,20190705437292,498,0x5,0x2,21.5200005,26.1278267,0.0260936599,0.118524291,2.24266259e-05,30,1.37,1
498205200002915,94539502,2458699.8989030439,58699.395023099998,21.5538216,0.238933444,0,zr,0.51802519999999996,4.2057874999999996,0.870999992,-0.356999993,20190804395000,498,0x5,0x2,21.5300007,26.1006012,0.0257642567,0.110133335,2.12955838e-05,30,1.21099997,3
498205200002915,170434021,2459458.8457349967,59458.340219899997,21.8528786,0.260197401,0,zr,0.51795970000000002,4.2059515999999997,0.736999989,-0.379000008,20210901340220,498,0x5,0x2,21.7700005,26.2291451,0.0235517696,0.10716176,1.83661195e-05,30,1.16199994,1
498205200002915,210029173,2459854.7976410273,59854.2917361,21.7428951,0.252377152,0,zr,0.51768579999999997,4.2059939000000002,0.582000017,-0.165999994,20221002291725,498,0x5,0x2,21.7399998,26.2992134,0.0237988736,0.106684573,1.87816731e-05,30,1.13800001,1
