oid,expid,hjd,mjd,mag,magerr,catflags,filtercode,ra,dec,chi,sharp,filefracday,field,ccdid,qid,limitmag,magzp,magzprms,clrcoeff,clrcounc,exptime,airmass,programid
498205200024861,56545959,2458319.9623234887,58319.4595949,21.8515759,0.260104775,0,zr,0.16325799999999999,3.6275590000000002,0.533999979,-0.324999988,20180720458970,498,0x5,0x2,21.6900005,26.1949902,0.0245283656,0.114770643,1.93882152e-05,30,1.16999996,1
498205200024861,58245728,2458336.961374654,58336.457280100003,21.3832664,0.226806402,0,zr,0.1635704,3.6273401000000001,0.541999996,-0.351000011,20180806457280,498,0x5,0x2,21.5,26.2396336,0.0249573849,0.112622559,1.99673486e-05,30,1.15199995,1
498205200024861,59241590,2458346.9206560189,58346.415902799999,21.4853039,0.234061599,0,zr,0.16340379999999999,3.6275674000000002,0.827000022,-0.426999986,20180816415868,498,0x5,0x2,21.5699997,26.1647377,0.025693547,0.104796194,2.12403575e-05,30,1.15199995,1
498205200024861,59637761,2458350.8825957859,58350.377615700003,21.5872383,0.241309524,0,zr,0.16332099999999999,3.6276278999999998,0.379000008,0.0670000017,20180820377546,498,0x5,0x2,21.7099991,26.1816788,0.0270961933,0.110358097,2.36444448e-05,30,1.17200005,3
498205200024861,61237053,2458366.8762002927,58366.370532399997,21.6193008,0.243589282,0,zr,0.16318289999999999,3.6275921000000002,0.550000012,-0.382999986,20180905370532,498,0x5,0x2,21.4899998,26.2097778,0.0261050276,0.120121196,2.18234818e-05,30,1.14199996,1
498205200024861,61237144,2458366.8771147192,58366.371446800003,21.5844269,0.24110961,0,zr,0.1633435,3.6274403,0.703000009,-0.476999998,20180905371447,498,0x5,0x2,21.5400009,26.2089043,0.025264306,0.120839186,2.04900098e-05,30,1.14199996,3
