oid,expid,hjd,mjd,mag,magerr,catflags,filtercode,ra,dec,chi,sharp,filefracday,field,ccdid,qid,limitmag,magzp,magzprms,clrcoeff,clrcounc,exptime,airmass,programid
1645211100029663,58242307,2458336.9258267996,58336.423078699998,21.5345592,0.205928445,0,zr,0.0305717,31.360583299999998,0.727999985,-0.442000002,20180806423079,1645,0xb,0x1,21.4200001,26.369854,0.0212463811,0.111761853,4.48120545e-06,30,1.01600003,2
1645211100029663,60834829,2458362.8526657475,58362.348298600002,21.3493195,0.193456531,0,zr,0.030470000000000001,31.3604859,0.414000005,-0.0410000011,20180901348299,1645,0xb,0x1,21.4099998,26.3746815,0.0211559292,0.110349789,4.43081444e-06,30,1.01800001,2
