oid,expid,hjd,mjd,mag,magerr,catflags,filtercode,ra,dec,chi,sharp,filefracday,field,ccdid,qid,limitmag,magzp,magzprms,clrcoeff,clrcounc,exptime,airmass,programid
1492210400010551,132540396,2459079.90892113,59079.403969899999,21.7245674,0.238598943,0,zr,0.1325817,1.6857872,0.476999998,-0.0879999995,20200818403970,1492,0xa,0x4,21.5300007,26.2010117,0.0207998063,0.115417235,1.58879939e-05,30,1.18299997,2
1492210400010551,132540444,2459079.9093956584,59079.404444400003,21.0019741,0.186123967,0,zr,0.13261819999999999,1.6856333999999999,0.977999985,-0.340999991,20200818404433,1492,0xa,0x4,21.4599991,26.2024307,0.0219583288,0.113246232,1.77366728e-05,30,1.18299997,3
1492210400010551,133237020,2459086.8755127494,59086.370208300003,21.4611301,0.219467998,0,zr,0.1325895,1.6857046,0.573000014,-0.142000005,20200825370208,1492,0xa,0x4,21.6299992,26.2506733,0.0212972686,0.116561316,1.68942952e-05,30,1.19400001,3
1492210400010551,136132828,2459115.8342537461,59115.328286999997,21.5438061,0.225471973,0,zr,0.13275680000000001,1.6859454,0.469999999,-0.0680000037,20200923328287,1492,0xa,0x4,21.3700008,26.2789364,0.0211899951,0.110961303,1.62705728e-05,30,1.18700004,2
1492210400010551,136132875,2459115.8347167457,59115.328750000001,21.183836,0.199330807,0,zr,0.13252079999999999,1.6857283999999999,1.09599996,-0.0960000008,20200923328750,1492,0xa,0x4,21.3600006,26.2769604,0.019335622,0.115588471,1.35203172e-05,30,1.18700004,3
