oid,expid,hjd,mjd,mag,magerr,catflags,filtercode,ra,dec,chi,sharp,filefracday,field,ccdid,qid,limitmag,magzp,magzprms,clrcoeff,clrcounc,exptime,airmass,programid
1645215100002665,96542439,2458719.9282035865,58719.424398100004,21.3707676,0.20945406,0,zr,0.072137000000000007,33.275357399999997,0.805999994,-0.0890000015,20190824424398,1645,0xf,0x1,21.2700005,26.1034851,0.0198907778,0.0843535587,4.3823652e-06,30,1.00800002,3
1645215100002665,96939598,2458723.900012204,58723.395983800001,21.6417007,0.229248881,0,zr,0.071980199999999994,33.275429799999998,0.416000009,0.0219999999,20190828395984,1645,0xf,0x1,21.7900009,26.094347,0.0239285994,0.0895085037,6.38111669e-06,30,1.00199997,3
1645215100002665,97232666,2458726.8308484303,58726.326666699999,21.4801445,0.217445374,0,zr,0.072076600000000005,33.2754136,0.77700001,-0.268000007,20190831326632,1645,0xf,0x1,21.5799999,26.1005154,0.0202661343,0.0869720057,4.6089699e-06,30,1.05200005,2
1692204300010215,91648380,2458670.9839094039,58670.483807899996,21.354948,0.223898411,0,zr,0.071912299999999998,33.275388100000001,0.442000002,-0.143999994,20190706483808,1692,0x4,0x3,21.1900005,25.9479008,0.0240364745,0.0906774327,6.50617449e-06,30,1.05599999,3
1692204300010215,98133026,2458735.834855136,58735.330266199999,21.1324959,0.20704782,0,zr,0.072526999999999994,33.275443500000002,0.505999982,-0.382999986,20190909330243,1692,0x4,0x3,20.8199997,25.9258289,0.0252232235,0.098431915,7.1181621e-06,30,1.02199996,2
1692204300010215,133341094,2459087.9164721831,59087.410949099998,21.4220505,0.228981376,0,zr,0.072096599999999997,33.275368999999998,0.672999978,-0.115000002,20200826410949,1692,0x4,0x3,22.4599991,28.4837952,0.0217397772,0.0976749137,5.29373756e-06,300,1.00300002,2
