oid,expid,hjd,mjd,mag,magerr,catflags,filtercode,ra,dec,chi,sharp,filefracday,field,ccdid,qid,limitmag,magzp,magzprms,clrcoeff,clrcounc,exptime,airmass,programid
396215300021818,58846356,2458342.9681798238,58342.463564799997,21.3982353,0.261416435,0,zr,0.0136705,0.19236210000000001,0.952000022,-0.47299999,20180812463553,396,0xf,0x3,21.4799995,26.1280537,0.0244303811,0.0971000716,4.29359025e-05,30,1.26600003,1
396215300021818,221213583,2459966.6330445856,59966.135833300003,19.0944881,0.0764945075,0,zr,0.0134523,0.19228329999999999,0.709999979,0.603999972,20230122135833,396,0xf,0x3,18.9500008,26.2092896,0.0419164598,0.110207796,0.000211085382,30,1.99699998,1
