oid,expid,hjd,mjd,mag,magerr,catflags,filtercode,ra,dec,chi,sharp,filefracday,field,ccdid,qid,limitmag,magzp,magzprms,clrcoeff,clrcounc,exptime,airmass,programid
499203300026222,56848285,2458322.9856742169,58322.482858800002,21.3083057,0.242166162,0,zr,0.0488829,8.1949853000000008,0.879000008,-0.430000007,20180723482847,499,0x3,0x3,21.3299999,26.1351471,0.0296093803,0.116247267,3.14071913e-05,30,1.08200002,1
499203300026222,61237008,2458366.8756513339,58366.370081000001,21.8428955,0.284897566,0,zr,0.0487304,8.194706,0.651000023,-0.437000006,20180905370046,499,0x3,0x3,21.7000008,26.1632481,0.0228715874,0.106396586,1.97804857e-05,30,1.07500005,1
499203300026222,61337149,2458367.877096131,58367.371493099999,21.7144928,0.274634004,0,zr,0.048742300000000002,8.1947959000000008,0.83099997,-0.333999991,20180906371493,499,0x3,0x3,21.6299992,26.1435966,0.0270908233,0.111750275,2.76626652e-05,30,1.07500005,3
499203300026222,93946271,2458693.9660156765,58693.462719900002,21.5208836,0.259158254,0,zr,0.048780200000000003,8.1948814999999993,0.834999979,0.145999998,20190729462697,499,0x3,0x3,21.7199993,26.0998497,0.0261622872,0.0999700949,2.52419759e-05,30,1.079,3
499203300026222,145713381,2459211.6336754612,59211.133819399998,20.6795235,0.191905618,0,zr,0.048704200000000003,8.1952040000000004,0.537999988,-0.131999999,20201228133819,499,0x3,0x3,20.5200005,26.2322979,0.0315509811,0.110535815,3.30465264e-05,30,1.18099999,1
499203300026222,170637542,2459460.8809372727,59460.375428200001,21.5798626,0.263872623,0,zr,0.048693599999999997,8.1950907999999991,0.600000024,-0.195999995,20210903375428,499,0x3,0x3,21.6200008,26.2392902,0.0252521243,0.1005686,2.15006985e-05,30,1.07299995,3
499203300026222,203140415,2459785.9071329916,59785.404155099997,21.6645241,0.270639896,0,zr,0.0487287,8.1949600999999994,0.754999995,-0.218999997,20220725404144,499,0x3,0x3,21.6800003,26.1720562,0.029675398,0.103255466,3.10637952e-05,30,1.21899998,1
499203300026222,215020812,2459904.7115263962,59904.208124999997,21.2999763,0.241500378,0,zr,0.048947400000000002,8.1952721999999998,0.504999995,-0.307999998,20221121208102,499,0x3,0x3,21.1299992,26.2483444,0.0272348747,0.105723388,2.49681816e-05,30,1.11199999,1
