oid,expid,hjd,mjd,mag,magerr,catflags,filtercode,ra,dec,chi,sharp,filefracday,field,ccdid,qid,limitmag,magzp,magzprms,clrcoeff,clrcounc,exptime,airmass,programid
1545207200006874,58241982,2458336.9234582009,58336.419826400001,21.513073,0.211377144,0,zr,0.43185590000000001,14.6417389,0.726999998,-0.114,20180806419815,1545,0x7,0x2,21.3199997,26.2913704,0.0213810802,0.120425098,8.02059731e-06,30,1.07799995,2
1545207200006874,94645853,2458700.9620699943,58700.458530099997,22.0237694,0.245474577,0,zr,0.43178250000000001,14.641828500000001,0.532000005,-0.0869999975,20190805458530,1545,0x7,0x2,21.8299999,26.183094,0.0241774302,0.121751793,1.01133937e-05,30,1.04999995,2
