oid,expid,hjd,mjd,mag,magerr,catflags,filtercode,ra,dec,chi,sharp,filefracday,field,ccdid,qid,limitmag,magzp,magzprms,clrcoeff,clrcounc,exptime,airmass,programid
245207100011576,56648128,2458320.9848468942,58320.481284699999,21.1803436,0.229305029,0,zr,0.15315390000000001,-25.099313500000001,0.658999979,-0.199000001,20180721480868,245,0x7,0x1,21.3500004,26.1416206,0.0283242594,0.126070872,2.52423397e-05,30,1.90600002,1
245207100011576,59639561,2458350.9007581128,58350.395613399996,20.8885231,0.207879066,0,zr,0.15342819999999999,-25.099478099999999,0.30399999,-0.00600000005,20180820395602,245,0x7,0x1,21.1299992,26.1776962,0.0247743558,0.100095548,1.86333946e-05,30,1.94000006,3
245207100011576,61234910,2458366.8546032691,58366.349108800001,21.1832294,0.229516983,0,zr,0.1530793,-25.099649400000001,1.04299998,-0.061999999,20180905349109,245,0x7,0x1,21.0400009,26.2200413,0.0298404582,0.0954567939,2.71154568e-05,30,1.88600004,1
245207100011576,61535744,2458369.8629595037,58369.357442100001,21.1053181,0.223796487,0,zr,0.15312249999999999,-25.099324500000002,0.657000005,-0.179000005,20180908357442,245,0x7,0x1,21.0699997,26.2022552,0.0264969282,0.120262161,2.14728352e-05,30,1.86099994,3
245207100011576,61837407,2458372.8796003554,58372.3740741,21.1129303,0.224355459,0,zr,0.15338209999999999,-25.099429399999998,0.492000014,-0.167999998,20180911374062,245,0x7,0x1,21.0200005,26.2152061,0.0280933473,0.118141875,2.44798648e-05,30,1.87800002,1
245207100011576,103129182,2458785.7956916802,58785.291828699999,20.4280224,0.175956711,0,zr,0.1532152,-25.099420500000001,0.612999976,-0.155000001,20191029291817,245,0x7,0x1,20.5100002,26.0480003,0.0298992805,0.124247275,2.76846458e-05,30,2.11400008,1
