oid,expid,hjd,mjd,mag,magerr,catflags,filtercode,ra,dec,chi,sharp,filefracday,field,ccdid,qid,limitmag,magzp,magzprms,clrcoeff,clrcounc,exptime,airmass,programid
498210400025687,59440172,2458348.9065542324,58348.4017245,21.7887878,0.262339473,0,zr,0.0032625000000000002,5.2627875,0.791999996,-0.175999999,20180818401725,498,0xa,0x4,21.8299999,26.2048321,0.0246164408,0.118692562,2.15774744e-05,30,1.15600002,3
498210400025687,67525871,2458429.7630994841,58429.258715299999,21.5275135,0.242631197,0,zr,0.0031935000000000002,5.2625675000000003,0.460000008,-0.129999995,20181107258715,498,0xa,0x4,21.5300007,26.2299023,0.0279136486,0.124782264,2.87488547e-05,30,1.25800002,1
498210400025687,129841881,2459052.9217093415,59052.418819400002,22.0112762,0.279121995,0,zr,0.0030029000000000002,5.2628687000000003,0.441000015,-0.263999999,20200722418773,498,0xa,0x4,21.8099995,26.3170586,0.0255781338,0.118956789,2.35079297e-05,30,1.24000001,1
498210400025687,165643784,2459410.9400956533,59410.437847200003,21.0712605,0.208215475,0,zr,0.0033362000000000001,5.2628257999999999,0.513000011,-0.0250000004,20210715437836,498,0xa,0x4,21.3799992,26.0933247,0.0276063476,0.123110414,2.83611153e-05,30,1.24100006,1
498210400025687,167342042,2459427.9241163004,59427.420428199999,21.512085,0.241467357,0,zr,0.0031941999999999999,5.2628880999999996,0.589999974,-0.0930000022,20210801420417,498,0xa,0x4,21.4400005,26.2593365,0.0253176987,0.119305089,2.37447312e-05,30,1.16900003,3
498210400025687,215214898,2459906.6521337167,59906.148981500002,21.2837906,0.22424686,0,zr,0.0030585999999999999,5.2626473000000003,0.598999977,-0.382999986,20221123148981,498,0xa,0x4,21.0499992,26.328455,0.0272866338,0.130810991,2.82708424e-05,30,1.13800001,1
