oid,expid,hjd,mjd,mag,magerr,catflags,filtercode,ra,dec,chi,sharp,filefracday,field,ccdid,qid,limitmag,magzp,magzprms,clrcoeff,clrcounc,exptime,airmass,programid
550215300022201,130544212,2459059.944844353,59059.4421296,21.7175198,0.259952068,0,zr,0.0914074,21.6885783,0.745999992,-0.437000006,20200729442130,550,0xf,0x3,21.7700005,26.3150463,0.0209928825,0.0985073969,6.86390968e-06,30,1.04900002,1
550215300022201,170536006,2459459.8650268465,59459.360069399998,21.5833607,0.24960506,0,zr,0.091179499999999997,21.688692700000001,0.861999989,-0.307999998,20210902360069,550,0xf,0x3,21.6000004,26.3007736,0.0228344444,0.0955768228,8.31026955e-06,30,1.03799999,2
1596207200019496,58242078,2458336.9240897223,58336.420787000003,21.3144131,0.196896553,0,zr,0.091421699999999995,21.688955700000001,0.731999993,-0.644999981,20180806420764,1596,0x7,0x2,21.2900009,26.2897396,0.0223879535,0.109511808,7.64302422e-06,30,1.03799999,2
1596207200019496,58345425,2458337.9576395648,58337.454259300001,21.7690182,0.22910738,0,zr,0.090996800000000003,21.688759600000001,0.751999974,-0.0520000011,20180807454225,1596,0x7,0x2,21.6800003,26.2636395,0.0242694076,0.108869582,9.06505193e-06,30,1.02100003,2
1596207200019496,59044233,2458344.9462155765,58344.442338000001,21.7938232,0.230864882,0,zr,0.091282000000000002,21.688840599999999,0.675999999,0.0240000002,20180814442326,1596,0x7,0x2,21.7800007,26.2317619,0.0255096368,0.10767027,1.01613705e-05,30,1.023,2
