oid,expid,hjd,mjd,mag,magerr,catflags,filtercode,ra,dec,chi,sharp,filefracday,field,ccdid,qid,limitmag,magzp,magzprms,clrcoeff,clrcounc,exptime,airmass,programid
499203200025051,59739425,2458351.8991113715,58351.394259300003,22.0925369,0.299315453,0,zr,0.1553928,9.5009060000000005,0.735000014,-0.268000007,20180821394213,499,0x3,0x2,22.0100002,26.1652908,0.0309446547,0.102065407,3.9342307e-05,30,1.09099996,3
499203200025051,60144552,2458355.9505884545,58355.4455208,20.7466316,0.188029766,0,zr,0.1554256,9.5008864000000006,0.657999992,-0.0250000004,20180825445521,499,0x3,0x2,20.7900009,26.1817493,0.0349918455,0.102470368,5.06553806e-05,30,1.11800003,3
499203200025051,60735170,2458361.8570420574,58361.351701400003,21.0006638,0.209034324,0,zr,0.15532940000000001,9.5010379,0.402999997,-0.219999999,20180831351701,499,0x3,0x2,21.0599995,26.2022839,0.0229211394,0.102397785,2.09607933e-05,30,1.09899998,3
499203200025051,94645664,2458700.9604266156,58700.456643500002,21.9798222,0.28999567,0,zr,0.15540029999999999,9.5007795000000002,0.689999998,-0.181999996,20190805456620,499,0x3,0x2,21.9500008,26.1132812,0.0272113979,0.0934556201,2.95057926e-05,30,1.074,1
499203200025051,127047503,2459024.9751255247,59024.475034700001,21.5557709,0.254933119,0,zr,0.15543489999999999,9.5010472999999998,0.372999996,0.0109999999,20200624475035,499,0x3,0x2,21.4400005,26.1713142,0.0265824534,0.10616342,2.87633338e-05,30,1.273,1
499203200025051,129841928,2459052.9219838972,59052.419282399998,22.0988617,0.299838305,0,zr,0.15512719999999999,9.5007865999999996,0.441000015,-0.248999998,20200722419282,499,0x3,0x2,21.8400002,26.2573013,0.0252109524,0.104170874,2.53602866e-05,30,1.19000006,1
499203200025051,211729144,2459871.796908576,59871.291446800002,21.0423698,0.21248281,0,zr,0.15540860000000001,9.5010793000000007,0.774999976,-0.287,20221019291435,499,0x3,0x2,21.0499992,26.2685966,0.0272968467,0.105934724,3.04839941e-05,30,1.10099995,1
499203200025051,221815494,2459972.6519982279,59972.154942100002,20.3607063,0.154152766,0,zr,0.15556510000000001,9.5009890000000006,0.279000014,-0.187999994,20230128154942,499,0x3,0x2,20.0599995,26.1822395,0.0394357219,0.103855424,6.28638591e-05,30,2.1099999,1
