oid,expid,hjd,mjd,mag,magerr,catflags,filtercode,ra,dec,chi,sharp,filefracday,field,ccdid,qid,limitmag,magzp,magzprms,clrcoeff,clrcounc,exptime,airmass,programid
396203200025621,58144137,2458335.9456488425,58335.441377299998,21.0719738,0.225240469,0,zr,0.071991899999999998,-4.7507640000000002,0.632000029,-0.458000004,20180805441366,396,0x3,0x2,21.1100006,26.181942,0.0214198455,0.106906727,9.92709647e-06,30,1.25399995,1
396203200025621,93739685,2458691.9004344014,58691.396851899997,21.1507568,0.231762767,0,zr,0.072309899999999996,-4.7504602,0.777999997,-0.345999986,20190727396852,396,0x3,0x2,21.1599998,26.0170212,0.0252267066,0.112419032,1.38038286e-05,30,1.44599998,1
396203200025621,132741118,2459081.9163688468,59081.4111806,21.3408546,0.247500539,0,zr,0.072120600000000007,-4.7505788999999998,0.386999995,-0.0250000004,20200820411181,396,0x3,0x2,21.4400005,26.0881805,0.0239290018,0.110887714,1.25105889e-05,30,1.23300004,1
396203200025621,171337934,2459467.8852141448,59467.379340300002,21.6855545,0.276037574,0,zr,0.072296700000000005,-4.7506652999999996,0.50999999,-0.0909999982,20210910379340,396,0x3,0x2,21.6599998,26.1795139,0.0227693394,0.105479285,1.14006543e-05,30,1.24100006,1
396203200025621,176819136,2459522.6956820106,59522.191365699997,21.13027,0.230066776,0,zr,0.072229100000000004,-4.7506329000000003,0.939999998,-0.27700001,20211104191366,396,0x3,0x2,21,26.2655392,0.0236362331,0.116357647,1.20983041e-05,30,1.23800004,1
