oid,expid,hjd,mjd,mag,magerr,catflags,filtercode,ra,dec,chi,sharp,filefracday,field,ccdid,qid,limitmag,magzp,magzprms,clrcoeff,clrcounc,exptime,airmass,programid
1545211200031995,96242202,2458716.9265610687,58716.422025499996,21.2319756,0.197792411,0,zr,0.408055,16.6915966,0.65200001,-0.130999997,20190821422025,1545,0xb,0x2,21.2199993,26.2666912,0.02247959,0.117326081,8.95838002e-06,30,1.05200005,3
