oid,expid,hjd,mjd,mag,magerr,catflags,filtercode,ra,dec,chi,sharp,filefracday,field,ccdid,qid,limitmag,magzp,magzprms,clrcoeff,clrcounc,exptime,airmass,programid
1492210400014647,61834848,2458372.8543397174,58372.3484838,21.3675041,0.212668896,0,zr,0.013188399999999999,1.2528079000000001,0.800999999,-0.483999997,20180911348484,1492,0xa,0x4,21.2099991,26.277668,0.0188581981,0.104261152,1.28134025e-05,30,1.18299997,2
1492210400014647,129538959,2459049.8923757528,59049.3895949,21.2429886,0.203626513,0,zr,0.013295,1.2530018999999999,0.829999983,-0.133000001,20200719389583,1492,0xa,0x4,21.5300007,26.2828274,0.0194051303,0.110602908,1.40264783e-05,30,1.48599994,3
1492210400014647,132241190,2459076.9167067902,59076.4119097,21.157896,0.197447062,0,zr,0.013170299999999999,1.2529916999999999,1.10300004,-0.441000015,20200815411898,1492,0xa,0x4,21.3700008,26.2367516,0.0223143194,0.117260419,1.83270895e-05,30,1.18299997,2
1492210400014647,132741070,2459081.9157824237,59081.410706000002,21.1859131,0.199481726,0,zr,0.013219399999999999,1.2529849,1.25300002,-0.384000003,20200820410706,1492,0xa,0x4,21.5,26.1607227,0.022373002,0.113303259,1.86783727e-05,30,1.18200004,3
1492210400014647,133236974,2459086.8750641616,59086.369745399999,21.0494537,0.189571977,0,zr,0.0131339,1.253018,0.697000027,0.0149999997,20200825369745,1492,0xa,0x4,21.7299995,26.2392635,0.0222967304,0.111299179,1.83949542e-05,30,1.19400001,2
1492210400014647,133237020,2459086.8755270806,59086.370208300003,21.4288597,0.217124581,0,zr,0.0131872,1.2529937,0.58099997,-0.199000001,20200825370208,1492,0xa,0x4,21.6299992,26.2506733,0.0212972686,0.116561316,1.68942952e-05,30,1.19400001,3
1492210400014647,133338027,2459087.8856415316,59087.380277800003,21.3413124,0.210766792,0,zr,0.013210299999999999,1.2529271,0.736000001,0.0839999989,20200826380278,1492,0xa,0x4,21.5300007,26.1612091,0.0227350071,0.116698638,1.92798179e-05,30,1.18400002,3
1492210400014647,135930478,2459113.8107474842,59113.304780099999,21.1652927,0.197984219,0,zr,0.013108,1.2529481,0.897000015,-0.469999999,20200921304780,1492,0xa,0x4,21.3799992,26.2075157,0.0218532886,0.113271408,1.62704237e-05,30,1.18700004,2
1492210400014647,137627902,2459130.7847830649,59130.279027800003,21.3741341,0.213150382,0,zr,0.013230499999999999,1.2530935999999999,0.510999978,0.00499999989,20201008279016,1492,0xa,0x4,21.4400005,26.3058395,0.0234442204,0.115340337,1.84903347e-05,30,1.18400002,2
