oid,expid,hjd,mjd,mag,magerr,catflags,filtercode,ra,dec,chi,sharp,filefracday,field,ccdid,qid,limitmag,magzp,magzprms,clrcoeff,clrcounc,exptime,airmass,programid
396215300005670,59138101,2458345.8858185499,58345.381018499997,21.2181339,0.246311665,0,zr,0.15459059999999999,-0.39345340000000001,0.674000025,0.243000001,20180815381007,396,0xf,0x3,21.4899998,26.1257725,0.0236919001,0.103747681,3.89752713e-05,30,1.31700003,1
396215300005670,61537885,2458369.8846599059,58369.378854199997,21.5643768,0.275350332,0,zr,0.15471360000000001,-0.39360230000000002,0.419,0.0370000005,20180908378843,396,0xf,0x3,21.2999992,26.2002239,0.0214749835,0.111917377,3.31974697e-05,30,1.24000001,1
396215300005670,141518994,2459169.6934721437,59169.189942099998,21.2061844,0.245309472,0,zr,0.1549432,-0.39330219999999999,0.386000007,-0.200000003,20201116189942,396,0xf,0x3,21.1700001,26.3107605,0.0206197668,0.108235531,3.15888356e-05,30,1.23599994,1
