oid,expid,hjd,mjd,mag,magerr,catflags,filtercode,ra,dec,chi,sharp,filefracday,field,ccdid,qid,limitmag,magzp,magzprms,clrcoeff,clrcounc,exptime,airmass,programid
600211100012185,62834834,2458382.8536199145,58382.348344899998,21.3793163,0.216047406,0,zr,0.18695929999999999,27.557023699999998,0.55400002,0.107000001,20180921348264,600,0xb,0x1,21.3500004,26.3489799,0.0232633837,0.105779454,6.87642068e-06,30,1.01499999,1
600211100012185,129542284,2459049.9243999929,59049.422847200003,21.9196377,0.256673098,0,zr,0.18659819999999999,27.5568144,0.573000014,-0.057,20200719422847,600,0xb,0x1,21.7700005,26.4327011,0.02091581,0.10223791,5.50580535e-06,30,1.10599995,1
600211100012185,131948478,2459073.9882216128,59073.4847801,21.6428204,0.235859752,0,zr,0.1869497,27.557168399999998,0.414000005,-0.246999994,20200812484768,600,0xb,0x1,21.5499992,26.4108219,0.0222186446,0.105795249,6.1898013e-06,30,1.046,1
600211100012185,168539166,2459439.8951533525,59439.391666700001,21.5078201,0.225709319,0,zr,0.18672910000000001,27.556820900000002,0.305000007,-0.128999993,20210813391667,600,0xb,0x1,21.5100002,26.2686329,0.0220363569,0.106296644,6.07123593e-06,30,1.03400004,1
600211100012185,175815033,2459512.6554064159,59512.150335600003,21.8640404,0.252492905,0,zr,0.1866399,27.556779899999999,0.421000004,-0.170000002,20211025149861,600,0xb,0x1,21.5599995,26.4172688,0.0243023392,0.104163513,7.2275534e-06,30,1.12199998,1
600211100012185,232248238,2460076.9784674733,60076.482384299998,20.5032711,0.150179386,0,zr,0.1871611,27.5570132,0.782000005,-0.245000005,20230512482373,600,0xb,0x1,20.6100006,26.2392216,0.0285187345,0.1185489,1.01216438e-05,30,2.23300004,1
600211100012185,232946913,2460083.965630556,60083.469131899998,21.3642731,0.214916348,0,zr,0.18707560000000001,27.556869200000001,0.363999993,-0.272000015,20230519469120,600,0xb,0x1,21.1599998,26.195982,0.0232457891,0.111124806,6.85599753e-06,30,2.10899997,1
600211100012185,239238701,2460146.888668973,60146.387013899999,21.6954556,0.239817262,0,zr,0.18666430000000001,27.5567669,0.441000015,-0.273000002,20230721386979,600,0xb,0x1,21.5,26.4059429,0.0209378656,0.104004711,5.65171104e-06,30,1.22000003,1
