oid,expid,hjd,mjd,mag,magerr,catflags,filtercode,ra,dec,chi,sharp,filefracday,field,ccdid,qid,limitmag,magzp,magzprms,clrcoeff,clrcounc,exptime,airmass,programid
1492210400017861,99436187,2458748.8678413262,58748.361875000002,21.1869411,0.199556351,0,zr,0.040679100000000003,1.6875382000000001,0.54400003,-0.135000005,20190922361875,1492,0xa,0x4,21.1900005,26.1215,0.0213143546,0.114663705,1.70496387e-05,30,1.227,3
1492210400017861,132540444,2459079.9094004757,59079.404444400003,21.2661247,0.205306649,0,zr,0.040671699999999998,1.6876879,0.663999975,-0.342000008,20200818404433,1492,0xa,0x4,21.4599991,26.2024307,0.0219583288,0.113246232,1.77366728e-05,30,1.18299997,3
1492210400017861,133236974,2459086.8750538016,59086.369745399999,21.7129669,0.237756491,0,zr,0.040326800000000003,1.6876481000000001,0.584999979,-0.201000005,20200825369745,1492,0xa,0x4,21.7299995,26.2392635,0.0222967304,0.111299179,1.83949542e-05,30,1.19400001,2
