oid,expid,hjd,mjd,mag,magerr,catflags,filtercode,ra,dec,chi,sharp,filefracday,field,ccdid,qid,limitmag,magzp,magzprms,clrcoeff,clrcounc,exptime,airmass,programid
1493203200006907,58345700,2458337.9611031241,58337.457002299998,21.41856,0.218162179,0,zr,0.1794559,5.4845734999999998,0.884000003,-0.345999986,20180807456991,1493,0x3,0x2,21.5699997,26.202898,0.0233191438,0.10831137,3.47410678e-05,30,1.11199999,2
1493203200006907,58345745,2458337.9615545589,58337.457453700001,21.561142,0.228294015,0,zr,0.17938570000000001,5.4846349999999999,0.753000021,-0.061999999,20180807457454,1493,0x3,0x2,21.6200008,26.1934795,0.0239083879,0.110938787,3.64292609e-05,30,1.11199999,2
1493203200006907,61435221,2458368.8579016076,58368.352210600002,21.4652824,0.221482277,0,zr,0.17948610000000001,5.4846135,0.606000006,-0.101000004,20180907352199,1493,0x3,0x2,21.5900002,26.1848984,0.0218922477,0.110626511,2.81622742e-05,30,1.11000001,2
1493203200006907,61834517,2458372.8509670421,58372.345173599999,21.3066769,0.210211873,0,zr,0.17942459999999999,5.4845534999999996,0.213,-0.0399999991,20180911345162,1493,0x3,0x2,21.2900009,26.2157726,0.0216893554,0.106483571,2.84423877e-05,30,1.10800004,2
1493203200006907,100930271,2458763.8085373635,58763.302719899999,20.8671246,0.178977489,0,zr,0.17948449999999999,5.4844512999999999,0.193000004,-0.0280000009,20191007302720,1493,0x3,0x2,21.4200001,26.0997124,0.030812528,0.10257566,5.67562129e-05,30,1.10800004,2
1493203200006907,100930317,2458763.808988756,58763.303171300002,20.9580193,0.185436487,0,zr,0.17957960000000001,5.4845572999999996,0.453000009,-0.00400000019,20191007303171,1493,0x3,0x2,21.2000008,26.1009159,0.0278007407,0.116476685,4.63942779e-05,30,1.10899997,3
1493203200006907,102230571,2458776.8111268189,58776.3057176,20.777483,0.17260766,0,zr,0.17924760000000001,5.4843926999999999,0.43900001,-0.150000006,20191020305718,1493,0x3,0x2,20.7199993,26.0926685,0.0272125807,0.115371704,4.40690674e-05,30,1.16400003,3
1493203200006907,103619630,2458790.7009898736,58790.196307899998,20.7386398,0.169847488,0,zr,0.17951729999999999,5.4844993999999998,0.391000003,-0.119999997,20191103196308,1493,0x3,0x2,21.1200008,26.1268749,0.0316035599,0.0996563211,6.02086184e-05,30,1.10899997,3
